{"version": "1", "message": "ERROR: Hidden Testcases server unreachable.", "problem_id": "ads2_m16_a1_1", "user_id": "saiprasadreddy96", "score": {"sample": {"0": {"execution_time": 0.5004241466522217, "passed": true}, "1": {"execution_time": 0.5169246196746826, "passed": true}, "2": {"execution_time": 0.9452693462371826, "passed": true}, "3": {"execution_time": 1.0234570503234863, "passed": true}, "4": {"execution_time": 0.9209778308868408, "passed": true}, "5": {"execution_time": 1.0377442836761475, "passed": true}, "6": {"execution_time": 1.002455711364746, "passed": true}, "7": {"execution_time": 1.0162274837493896, "passed": true}, "8": {"execution_time": 0.5497395992279053, "passed": true}, "9": {"execution_time": 1.3328609466552734, "passed": true}, "10": {"execution_time": 1.2839539051055908, "passed": true}, "11": {"execution_time": 7.986682891845703, "passed": true}, "12": {"execution_time": 1.7030513286590576, "passed": true}, "13": {"execution_time": 0.6325874328613281, "passed": true}, "14": {"execution_time": 1.2200491428375244, "passed": true}, "15": {"execution_time": 1.233562707901001, "passed": true}, "16": {"execution_time": 0.6495723724365234, "passed": true}, "17": {"execution_time": 0.5889897346496582, "passed": true}, "18": {"execution_time": 0.6920194625854492, "passed": true}, "19": {"execution_time": 0.6165485382080078, "passed": true}, "20": {"execution_time": 0.6701352596282959, "passed": true}, "21": {"execution_time": 0.5296816825866699, "passed": true}, "22": {"execution_time": 0.5527408123016357, "passed": true}, "23": {"execution_time": 0.5063705444335938, "passed": true}, "24": {"execution_time": 0.3871181011199951, "passed": true}, "25": {"execution_time": 1.065439224243164, "passed": true}, "26": {"execution_time": 0.8665125370025635, "passed": true}, "27": {"execution_time": 1.1651301383972168, "passed": true}, "28": {"execution_time": 2.04049015045166, "passed": true}, "29": {"execution_time": 0.42313170433044434, "passed": true}}}, "check_style_score": "1/1"}