{"version": "1", "message": "ERROR: Hidden Testcases server unreachable.", "problem_id": "ads2_m2_a1_1", "user_id": "saiprasadreddy96", "score": {"sample": {"0": {"execution_time": 0.24774551391601562, "passed": true}, "1": {"execution_time": 0.2284717559814453, "passed": true}, "2": {"execution_time": 0.25028061866760254, "passed": true}, "3": {"execution_time": 0.22892522811889648, "passed": true}, "4": {"execution_time": 0.23076081275939941, "passed": true}, "5": {"execution_time": 0.2502155303955078, "passed": true}, "6": {"execution_time": 0.24483728408813477, "passed": true}, "7": {"execution_time": 0.22980523109436035, "passed": true}, "8": {"execution_time": 0.2307112216949463, "passed": true}, "9": {"execution_time": 0.2171630859375, "passed": true}, "10": {"execution_time": 0.23102927207946777, "passed": true}, "11": {"execution_time": 0.23415756225585938, "passed": true}, "12": {"execution_time": 0.22910666465759277, "passed": true}, "13": {"execution_time": 0.28371262550354004, "passed": true}, "14": {"execution_time": 0.301938533782959, "passed": true}, "15": {"execution_time": 0.2596001625061035, "passed": true}, "16": {"execution_time": 0.30272555351257324, "passed": true}, "17": {"execution_time": 0.32872939109802246, "passed": true}, "18": {"execution_time": 0.30872058868408203, "passed": true}, "19": {"execution_time": 0.46199584007263184, "passed": true}, "20": {"execution_time": 0.33991003036499023, "passed": true}, "21": {"execution_time": 0.24399065971374512, "passed": true}, "22": {"execution_time": 0.356830358505249, "passed": true}, "23": {"execution_time": 0.3402578830718994, "passed": true}}}, "check_style_score": "0/1"}