{"version": "1", "message": "ERROR: Hidden Testcases server unreachable.", "problem_id": "ads2_m2_a1_1", "user_id": "saiprasadreddy96", "score": {"sample": {"0": {"execution_time": 0.2502565383911133, "passed": true}, "1": {"execution_time": 0.22963762283325195, "passed": true}, "2": {"execution_time": 0.23723459243774414, "passed": true}, "3": {"execution_time": 0.21846795082092285, "passed": true}, "4": {"execution_time": 0.21563959121704102, "passed": true}, "5": {"execution_time": 0.22939443588256836, "passed": true}, "6": {"execution_time": 0.2500178813934326, "passed": true}, "7": {"execution_time": 0.22992777824401855, "passed": true}, "8": {"execution_time": 0.2557344436645508, "passed": true}, "9": {"execution_time": 0.256589412689209, "passed": true}, "10": {"execution_time": 0.24108338356018066, "passed": true}, "11": {"execution_time": 0.2459700107574463, "passed": true}, "12": {"execution_time": 0.26216864585876465, "passed": true}, "13": {"execution_time": 0.2588517665863037, "passed": true}, "14": {"execution_time": 0.2450270652770996, "passed": true}, "15": {"execution_time": 0.26331305503845215, "passed": true}, "16": {"execution_time": 0.2509291172027588, "passed": true}, "17": {"execution_time": 0.3082451820373535, "passed": true}, "18": {"execution_time": 0.276714563369751, "passed": true}, "19": {"execution_time": 0.34317922592163086, "passed": true}, "20": {"execution_time": 0.32236790657043457, "passed": true}, "21": {"execution_time": 0.24708342552185059, "passed": true}, "22": {"execution_time": 0.37032485008239746, "passed": true}, "23": {"execution_time": 0.3883802890777588, "passed": true}}}, "check_style_score": "1/1"}