{"version": "1", "message": "ERROR: Hidden Testcases server unreachable.", "problem_id": "ads2_m4_a1_1", "user_id": "saiprasadreddy96", "score": {"sample": {"0": {"execution_time": 0.33634138107299805, "passed": false}, "1": {"execution_time": 0.46749067306518555, "passed": true}, "2": {"execution_time": 0.5523059368133545, "passed": true}, "3": {"execution_time": 0.5712790489196777, "passed": true}, "4": {"execution_time": 0.41104602813720703, "passed": true}, "5": {"execution_time": 0.37718987464904785, "passed": true}, "6": {"execution_time": 0.4469621181488037, "passed": true}, "7": {"execution_time": 0.3566591739654541, "passed": true}, "8": {"execution_time": 0.3385579586029053, "passed": false}, "9": {"execution_time": 0.38790369033813477, "passed": true}, "10": {"execution_time": 0.29506444931030273, "passed": true}, "11": {"execution_time": 0.4045090675354004, "passed": true}, "12": {"execution_time": 0.36203503608703613, "passed": true}, "13": {"execution_time": 1.8547086715698242, "passed": true}, "14": {"execution_time": 0.32378602027893066, "passed": true}}}, "check_style_score": "0/1"}