{"version": "1", "message": "ERROR: Hidden Testcases server unreachable.", "problem_id": "ads2_m4_a1_1", "user_id": "saiprasadreddy96", "score": {"sample": {"0": {"execution_time": 0.34821343421936035, "passed": false}, "1": {"execution_time": 0.3386251926422119, "passed": true}, "2": {"execution_time": 0.576730489730835, "passed": true}, "3": {"execution_time": 0.5065312385559082, "passed": true}, "4": {"execution_time": 0.3802790641784668, "passed": true}, "5": {"execution_time": 0.3418612480163574, "passed": true}, "6": {"execution_time": 0.3106815814971924, "passed": true}, "7": {"execution_time": 0.2941300868988037, "passed": true}, "8": {"execution_time": 0.3388521671295166, "passed": false}, "9": {"execution_time": 0.40711283683776855, "passed": true}, "10": {"execution_time": 0.26337337493896484, "passed": true}, "11": {"execution_time": 0.2646470069885254, "passed": true}, "12": {"execution_time": 0.246720552444458, "passed": true}, "13": {"execution_time": 1.7522928714752197, "passed": true}, "14": {"execution_time": 0.4029068946838379, "passed": true}}}, "check_style_score": "0/1"}