{"version": "1", "message": "ERROR: Hidden Testcases server unreachable.", "problem_id": "ads2_m4_a1_1", "user_id": "saiprasadreddy96", "score": {"sample": {"0": {"execution_time": 0.3285825252532959, "passed": false}, "1": {"execution_time": 0.3848907947540283, "passed": false}, "2": {"execution_time": 0.4015843868255615, "passed": false}, "3": {"execution_time": 0.390317440032959, "passed": false}, "4": {"execution_time": 0.30129241943359375, "passed": false}, "5": {"execution_time": 0.40636348724365234, "passed": false}, "6": {"execution_time": 0.3457338809967041, "passed": false}, "7": {"execution_time": 0.37364888191223145, "passed": false}, "8": {"execution_time": 0.3340873718261719, "passed": false}, "9": {"execution_time": 0.3340892791748047, "passed": false}, "10": {"execution_time": 0.3132641315460205, "passed": false}, "11": {"execution_time": 0.5486912727355957, "passed": false}, "12": {"execution_time": 0.3369941711425781, "passed": false}, "13": {"execution_time": 1.015737533569336, "passed": false}, "14": {"execution_time": 0.42739295959472656, "passed": false}}}, "check_style_score": "0/1"}