{"version": "1", "message": "ERROR: Hidden Testcases server unreachable.", "problem_id": "ads2_m6_a1_1", "user_id": "saiprasadreddy96", "score": {"sample": {"0": {"execution_time": 0.36322736740112305, "passed": false}, "1": {"execution_time": 0.37326884269714355, "passed": false}, "2": {"execution_time": 0.4007580280303955, "passed": false}, "3": {"execution_time": 0.40107226371765137, "passed": false}, "4": {"execution_time": 0.3694944381713867, "passed": false}, "5": {"execution_time": 0.35396838188171387, "passed": false}, "6": {"execution_time": 0.3698246479034424, "passed": false}, "7": {"execution_time": 0.3696599006652832, "passed": false}, "8": {"execution_time": 0.5169246196746826, "passed": false}, "9": {"execution_time": 0.3163032531738281, "passed": false}, "10": {"execution_time": 0.33173656463623047, "passed": false}, "11": {"execution_time": 0.3543055057525635, "passed": false}}}, "check_style_score": "0/1"}