{"version": "1", "message": "ERROR: Hidden Testcases server unreachable.", "problem_id": "ads2_m6_a1_1", "user_id": "saiprasadreddy96", "score": {"sample": {"0": {"execution_time": 0.506364107131958, "passed": false}, "1": {"execution_time": 0.43875789642333984, "passed": false}, "2": {"execution_time": 0.37372899055480957, "passed": false}, "3": {"execution_time": 0.4539930820465088, "passed": false}, "4": {"execution_time": 0.3758115768432617, "passed": false}, "5": {"execution_time": 0.40223002433776855, "passed": true}, "6": {"execution_time": 0.396270751953125, "passed": true}, "7": {"execution_time": 0.3916587829589844, "passed": false}, "8": {"execution_time": 0.4380934238433838, "passed": true}, "9": {"execution_time": 0.36045002937316895, "passed": false}, "10": {"execution_time": 0.3642697334289551, "passed": true}, "11": {"execution_time": 0.3919713497161865, "passed": false}}}, "check_style_score": "0/1"}